{"cameraMode":{"drawMode":0,"name":"Shaded","section":"Shading Mode"},"sceneLighting":true,"audioPlay":false,"sceneViewState":{"m_AlwaysRefresh":false,"showFog":true,"showSkybox":true,"showFlares":true,"showImageEffects":true,"showParticleSystems":true,"showVisualEffectGraphs":true,"m_FxEnabled":true},"in2DMode":false,"pivot":{"x":16.15541648864746,"y":-11.01959228515625,"z":-16.617767333984376},"rotation":{"x":0.07228216528892517,"y":0.9265828728675842,"z":-0.28389811515808108,"w":0.23590780794620515},"size":34.815032958984378,"orthographic":false}