{"cameraMode":{"drawMode":0,"name":"Shaded","section":"Shading Mode"},"sceneLighting":true,"audioPlay":false,"sceneViewState":{"m_AlwaysRefresh":false,"showFog":true,"showSkybox":true,"showFlares":true,"showImageEffects":true,"showParticleSystems":true,"showVisualEffectGraphs":true,"m_FxEnabled":true},"in2DMode":false,"pivot":{"x":-131.9829864501953,"y":9.995870590209961,"z":-135.73416137695313},"rotation":{"x":-0.007011267356574535,"y":-0.9291699528694153,"z":-0.017861047759652139,"w":0.3692839443683624},"size":99.60813903808594,"orthographic":false}