{"cameraMode":{"drawMode":0,"name":"Shaded","section":"Shading Mode"},"sceneLighting":true,"audioPlay":false,"sceneViewState":{"m_AlwaysRefresh":false,"showFog":true,"showSkybox":true,"showFlares":true,"showImageEffects":true,"showParticleSystems":true,"showVisualEffectGraphs":true,"m_FxEnabled":true},"in2DMode":false,"pivot":{"x":16.89809799194336,"y":-135.82139587402345,"z":-249.38272094726563},"rotation":{"x":0.0075941672548651699,"y":0.9692157506942749,"z":-0.24520429968833924,"w":0.027224773541092874},"size":150.88380432128907,"orthographic":false}