{"cameraMode":{"drawMode":0,"name":"Shaded","section":"Shading Mode"},"sceneLighting":true,"audioPlay":false,"sceneViewState":{"m_AlwaysRefresh":false,"showFog":true,"showSkybox":true,"showFlares":true,"showImageEffects":true,"showParticleSystems":true,"showVisualEffectGraphs":true,"m_FxEnabled":true},"in2DMode":false,"pivot":{"x":-13.841198921203614,"y":-15.643502235412598,"z":-1.1923922300338746},"rotation":{"x":-0.16599009931087495,"y":0.8255994319915772,"z":-0.31105196475982668,"w":-0.44057342410087588},"size":18.172901153564454,"orthographic":false}